{"name":"53702705-c347-451b-8111-47e9c72d2b4b","id":"/providers/Microsoft.Flow/flows/53702705-c347-451b-8111-47e9c72d2b4b","type":"Microsoft.Flow/flows","properties":{"apiId":"/providers/Microsoft.PowerApps/apis/shared_logicflows","displayName":"NODE-APPROVAL-FLOW-DEV","definition":{"metadata":{"workflowEntityId":null,"creator":{"id":"9b2a98d3-9bff-46fc-ae2f-b3c2308d5e19","type":"User","tenantId":"a4305987-cf78-4f93-9d64-bf18af65397b"},"provisioningMethod":"FromDefinition","failureAlertSubscription":true,"clientLastModifiedTime":"2020-02-26T16:06:06.2428213Z"},"$schema":"https://schema.management.azure.com/providers/Microsoft.Logic/schemas/2016-06-01/workflowdefinition.json#","contentVersion":"1.0.0.0","parameters":{"$connections":{"defaultValue":{},"type":"Object"},"$authentication":{"defaultValue":{},"type":"SecureObject"}},"triggers":{"When_a_message_is_received_in_a_queue_(auto-complete)":{"recurrence":{"frequency":"Minute","interval":1},"metadata":{"flowSystemMetadata":{"swaggerOperationId":"GetMessageFromQueue"}},"type":"ApiConnection","inputs":{"host":{"connection":{"name":"@parameters('$connections')['shared_servicebus_1']['connectionId']"},"api":{"runtimeUrl":"https://flow-apim-msmanaged-na-westus2-01.azure-apim.net/apim/servicebus"}},"method":"get","path":"/@{encodeURIComponent(encodeURIComponent('flowapprovals'))}/messages/head","queries":{"queueType":"Main"},"authentication":"@parameters('$authentication')"}}},"actions":{"Start_and_wait_for_an_approval":{"runAfter":{"Check_for_Segments":["Succeeded"]},"metadata":{"flowSystemMetadata":{"swaggerOperationId":"StartAndWaitForAnApproval"}},"type":"ApiConnectionWebhook","inputs":{"host":{"connection":{"name":"@parameters('$connections')['shared_approvals_1']['connectionId']"},"api":{"runtimeUrl":"https://flow-apim-msmanaged-na-northcentralus-01.azure-apim.net/apim/approvals"}},"body":{"notificationUrl":"@{listCallbackUrl()}","title":"Aprobación del nodo @{body('Parse_Node_JSON_Response')?['nodeName']} para el día @{variables('StartDateFormatted')}","assignedTo":"@variables('ApproverMail')","details":"El usuario @{body('Parse_Node_JSON_Response')?['balanceProfessionalUserName']} ha solicitado a usted aprobación del nodo @{body('Parse_Node_JSON_Response')?['nodeName']} para el día @{variables('StartDateFormatted')}\n\n| Producto | Inventario Inicial | Entradas | Salidas | Inventario Final | Perdidas Identificadas | Interfases | Tolerancia| PNI | Desbalance |\n|:-----------------:|:-----------------:|:-----------------:|:-----------------:|:-----------------:|:-----------------:|:-----------------:|:-----------------:|:-----------------:|:-----------------:|\n@{variables('BalanceSummary')}\n\n[Reporte Balance con propiedad](@{body('Parse_Node_JSON_Response')?['reportPath']})","enableNotifications":true,"enableReassignment":true},"path":"/types/@{encodeURIComponent('Basic')}/subscriptions","authentication":"@parameters('$authentication')"}},"HTTP_-_Get_Node_Info":{"runAfter":{"Read_service_bus_message":["Succeeded"]},"type":"Http","inputs":{"method":"GET","uri":"https://fa-aeu-ecp-dev-app.azurewebsites.net/api/ownershipnodes/@{variables('ownsershipNodeId')}","authentication":{"type":"ActiveDirectoryOAuth","authority":"https://login.microsoftonline.com/","tenant":"a4305987-cf78-4f93-9d64-bf18af65397b","audience":"https://fa-aeu-ecp-dev-app.azurewebsites.net","clientId":"94510fa7-2871-4947-acf2-f1a6ba049648","secret":"-wvA.7n=.wk97A41v?I5ydYemU/O8WB-"}}},"Parse_Node_JSON_Response":{"runAfter":{"HTTP_-_Get_Node_Info":["Succeeded"]},"type":"ParseJson","inputs":{"content":"@body('HTTP_-_Get_Node_Info')","schema":{"type":"object","properties":{"summary":{"type":"array","items":{"type":"object","properties":{"productId":{"type":"string"},"product":{"type":"string"},"owner":{"type":"string"},"initialInventory":{"type":"number"},"inputs":{"type":"number"},"outputs":{"type":"number"},"identifiedLosses":{"type":"number"},"interface":{"type":"number"},"tolerance":{"type":"number"},"unidentifiedLosses":{"type":"number"},"finalInventory":{"type":"number"},"volume":{"type":"number"},"measurementUnit":{"type":"string"},"control":{"type":"number"},"createdBy":{},"createdDate":{}}}},"balanceProfessionalUserName":{"type":["string","null"]},"nodeName":{"type":"string"},"startDate":{"type":"string"},"ticketId":{"type":"number"},"reportPath":{"type":["string","null"]},"segment":{"type":"string"}}}}},"Apply_to_each":{"foreach":"@body('Parse_Node_JSON_Response')?['summary']","actions":{"Append_to_Node_Balance":{"runAfter":{},"type":"AppendToStringVariable","inputs":{"name":"BalanceSummary","value":"| @{items('Apply_to_each')?['product']} | @{items('Apply_to_each')?['initialInventory']} | @{items('Apply_to_each')?['inputs']} | @{items('Apply_to_each')?['outputs']} | @{items('Apply_to_each')?['finalInventory']} | @{items('Apply_to_each')?['identifiedLosses']} | @{items('Apply_to_each')?['interface']} | @{items('Apply_to_each')?['tolerance']} | @{items('Apply_to_each')?['unidentifiedLosses']} | @{items('Apply_to_each')?['volume']} |\n"}}},"runAfter":{"Format_Start_Date":["Succeeded"]},"type":"Foreach"},"Condition_-_Check_Approval_Outcome":{"actions":{"HTTP_-_Update_Note_Status_(Approve)":{"runAfter":{},"type":"Http","inputs":{"method":"POST","uri":"https://fa-aeu-ecp-dev-app.azurewebsites.net/api/ownershipnodes","body":{"ownershipNodeId":"@variables('ownsershipNodeId')","approverAlias":"@body('Start_and_wait_for_an_approval')?['responses'][0]?['responder']?['email']","status":"@body('Start_and_wait_for_an_approval')?['outcome']"},"authentication":{"type":"ActiveDirectoryOAuth","authority":"https://login.microsoftonline.com/","tenant":"a4305987-cf78-4f93-9d64-bf18af65397b","audience":"https://fa-aeu-ecp-dev-app.azurewebsites.net","clientId":"94510fa7-2871-4947-acf2-f1a6ba049648","secret":"-wvA.7n=.wk97A41v?I5ydYemU/O8WB-"}}},"Condition_-_Check_Node_Approve_Response":{"actions":{"Send_Approval_Success_Email":{"runAfter":{},"metadata":{"flowSystemMetadata":{"swaggerOperationId":"SendEmailV2"}},"type":"ApiConnection","inputs":{"host":{"connection":{"name":"@parameters('$connections')['shared_office365_1']['connectionId']"},"api":{"runtimeUrl":"https://flow-apim-msmanaged-na-eastus2-01.azure-apim.net/apim/office365"}},"method":"post","body":{"To":"@variables('ApproverMail')","Subject":"Aprobación del nodo @{body('Parse_Node_JSON_Response')?['nodeName']} con tiquete @{body('Parse_Node_JSON_Response')?['ticketId']}","Body":"<p>El nodo @{body('Parse_Node_JSON_Response')?['nodeName']} ha sido aprobado para el tiquete @{body('Parse_Node_JSON_Response')?['ticketId']}</p>","Importance":"Normal"},"path":"/v2/Mail","authentication":"@parameters('$authentication')"}}},"runAfter":{"HTTP_-_Update_Note_Status_(Approve)":["Succeeded","Failed"]},"else":{"actions":{"Parse_Node_Approve_Error_Response":{"runAfter":{},"type":"ParseJson","inputs":{"content":"@body('HTTP_-_Update_Note_Status_(Approve)')","schema":{"type":"object","properties":{"errorCodes":{"type":"array","items":{"type":"object","properties":{"code":{"type":"string"},"message":{"type":"string"}}}}}}}},"Apply_to_each_2":{"foreach":"@body('Parse_Node_Approve_Error_Response')?['errorCodes']","actions":{"Send_Approval_Error_Email":{"runAfter":{},"metadata":{"flowSystemMetadata":{"swaggerOperationId":"SendEmailV2"}},"type":"ApiConnection","inputs":{"host":{"connection":{"name":"@parameters('$connections')['shared_office365_1']['connectionId']"},"api":{"runtimeUrl":"https://flow-apim-msmanaged-na-eastus2-01.azure-apim.net/apim/office365"}},"method":"post","body":{"To":"@variables('ApproverMail')","Subject":"Error en el llamado del API de aprobación de nodos","Body":"<p>Ha ocurrido un error actualizando el estado del nodo @{body('Parse_Node_JSON_Response')?['nodeName']}<br>\nCausa: @{items('Apply_to_each_2')?['message']}, Por favor verifique la causa y relance el flujo.</p>","Importance":"High"},"path":"/v2/Mail","authentication":"@parameters('$authentication')"}}},"runAfter":{"Parse_Node_Approve_Error_Response":["Succeeded"]},"type":"Foreach"}}},"expression":{"equals":["@outputs('HTTP_-_Update_Note_Status_(Approve)')['statusCode']",200]},"type":"If"}},"runAfter":{"Start_and_wait_for_an_approval":["Succeeded"]},"else":{"actions":{"HTTP_-_Update_Node_Status_(Reject)":{"runAfter":{},"type":"Http","inputs":{"method":"POST","uri":"https://fa-aeu-ecp-dev-app.azurewebsites.net/api/ownershipnodes","body":{"ownershipNodeId":"@variables('ownsershipNodeId')","approverAlias":"@body('Start_and_wait_for_an_approval')?['responses'][0]?['responder']?['email']","status":"@body('Start_and_wait_for_an_approval')?['outcome']","comment":"@body('Start_and_wait_for_an_approval')?['responses'][0]?['comments']"},"authentication":{"type":"ActiveDirectoryOAuth","authority":"https://login.microsoftonline.com/","tenant":"a4305987-cf78-4f93-9d64-bf18af65397b","audience":"https://fa-aeu-ecp-dev-app.azurewebsites.net","clientId":"94510fa7-2871-4947-acf2-f1a6ba049648","secret":"-wvA.7n=.wk97A41v?I5ydYemU/O8WB-"}}},"Condition_-_Check_Node_Reject_Response":{"actions":{"Send_Rejection_Email":{"runAfter":{},"metadata":{"flowSystemMetadata":{"swaggerOperationId":"SendEmailV2"}},"type":"ApiConnection","inputs":{"host":{"connection":{"name":"@parameters('$connections')['shared_office365_1']['connectionId']"},"api":{"runtimeUrl":"https://flow-apim-msmanaged-na-eastus2-01.azure-apim.net/apim/office365"}},"method":"post","body":{"To":"@variables('ApproverMail')","Subject":"Rechazo del nodo @{body('Parse_Node_JSON_Response')?['nodeName']} para el día @{variables('StartDateFormatted')}","Body":"<p>El nodo @{body('Parse_Node_JSON_Response')?['nodeName']} ha sido rechazado para el día @{variables('StartDateFormatted')} con la siguiente observación&nbsp;@{body('Start_and_wait_for_an_approval')?['responses'][0]?['comments']}</p>","Importance":"High"},"path":"/v2/Mail","authentication":"@parameters('$authentication')"}}},"runAfter":{"HTTP_-_Update_Node_Status_(Reject)":["Succeeded","Failed"]},"else":{"actions":{"Parse_Node_Reject_Response":{"runAfter":{},"type":"ParseJson","inputs":{"content":"@body('HTTP_-_Update_Node_Status_(Reject)')","schema":{"type":"object","properties":{"errorCodes":{"type":"array","items":{"type":"object","properties":{"code":{"type":"string"},"message":{"type":"string"}}}}}}}},"Apply_to_each_3":{"foreach":"@body('Parse_Node_Reject_Response')?['errorCodes']","actions":{"Send_Rejection_Error_Email":{"runAfter":{},"metadata":{"flowSystemMetadata":{"swaggerOperationId":"SendEmailV2"}},"type":"ApiConnection","inputs":{"host":{"connection":{"name":"@parameters('$connections')['shared_office365_1']['connectionId']"},"api":{"runtimeUrl":"https://flow-apim-msmanaged-na-eastus2-01.azure-apim.net/apim/office365"}},"method":"post","body":{"To":"@variables('ApproverMail')","Subject":"Error en el llamado del API de aprobación de nodos","Body":"<p>Ha ocurrido un error actualizando el estado del nodo @{body('Parse_Node_JSON_Response')?['nodeName']}<br>\nCausa: @{items('Apply_to_each_3')?['message']}, Por favor verifique la causa y relance el flujo.</p>","Importance":"High"},"path":"/v2/Mail","authentication":"@parameters('$authentication')"}}},"runAfter":{"Parse_Node_Reject_Response":["Succeeded"]},"type":"Foreach"}}},"expression":{"equals":["@outputs('HTTP_-_Update_Node_Status_(Reject)')['statusCode']",200]},"type":"If"}}},"expression":{"equals":["@body('Start_and_wait_for_an_approval')?['outcome']","Approve"]},"type":"If"},"Response_Comments":{"runAfter":{"Balance_Summary":["Succeeded"]},"type":"InitializeVariable","inputs":{"variables":[{"name":"ResponseComments","type":"String"}]}},"Balance_Summary":{"runAfter":{},"type":"InitializeVariable","inputs":{"variables":[{"name":"BalanceSummary","type":"String"}]}},"Format_Start_Date":{"runAfter":{"Parse_Node_JSON_Response":["Succeeded"]},"type":"InitializeVariable","inputs":{"variables":[{"name":"StartDateFormatted","type":"String","value":"@{formatDateTime(convertFromUtc(utcNow(), 'SA Pacific Standard Time'), 'dd-MMM-yyyy')}"}]}},"Check_for_Segments":{"runAfter":{"Apply_to_each":["Succeeded"]},"cases":{"Transporte":{"case":"Transporte","actions":{"Set_Approver_Mail_-_Transporte":{"runAfter":{},"type":"SetVariable","inputs":{"name":"ApproverMail","value":"sabappal@microsoft.com;insingh@microsoft.com;trueadmin@ecopetrol.com.co"}}}},"Producción":{"case":"Producción","actions":{"Set_Approver_Mail_-_Producción":{"runAfter":{},"type":"SetVariable","inputs":{"name":"ApproverMail","value":"trueadmin@ecopetrol.com.co"}}}},"Refinación":{"case":"Refinación","actions":{"Set_Approver_Mail_-_Refinación":{"runAfter":{},"type":"SetVariable","inputs":{"name":"ApproverMail","value":"insingh@microsoft.com;trueadmin@ecopetrol.com.co"}}}},"Comercial":{"case":"Comercial","actions":{"Set_Approver_Mail_-_Comercial":{"runAfter":{},"type":"SetVariable","inputs":{"name":"ApproverMail","value":"insingh@microsoft.com;trueadmin@ecopetrol.com.co"}}}}},"default":{"actions":{"Set_Approver_Mail_-_Default":{"runAfter":{},"type":"SetVariable","inputs":{"name":"ApproverMail","value":"sabappal@microsoft.com"}}}},"expression":"@body('Parse_Node_JSON_Response')?['segment']","type":"Switch"},"Define_Approver_Mail_Variable":{"runAfter":{"Response_Comments":["Succeeded"]},"type":"InitializeVariable","inputs":{"variables":[{"name":"ApproverMail","type":"String"}]}},"Read_service_bus_message":{"runAfter":{"Define_Approver_Mail_Variable":["Succeeded"]},"type":"InitializeVariable","inputs":{"variables":[{"name":"ownsershipNodeId","type":"String","value":"@{decodeBase64(triggerBody()?['ContentData'])}"}]}}}},"connectionReferences":{"shared_approvals_1":{"connectionName":"shared-approvals-585b83a4-762a-4a38-a6eb-ee9a3663f10a","source":"Embedded","id":"/providers/Microsoft.PowerApps/apis/shared_approvals","tier":"NotSpecified"},"shared_office365_1":{"connectionName":"shared-office365-4cd53a17-95e6-4463-b6ef-6baf90c5738b","source":"Embedded","id":"/providers/Microsoft.PowerApps/apis/shared_office365","tier":"NotSpecified"},"shared_servicebus_1":{"connectionName":"shared-servicebus-5585bd7c-d7c0-45be-b3a4-d21d71f400ce","source":"Embedded","id":"/providers/Microsoft.PowerApps/apis/shared_servicebus","tier":"NotSpecified"}},"flowFailureAlertSubscribed":false}}